{
  "scales": {
    "0.1": {
      "suffix": "0p1",
      "out": "/data/results/condition_b_scaled_0p1.json",
      "rel_dw": {
        "0": 0.002548097641059627,
        "6": 0.00032045841253718136,
        "12": 0.0031760549948265954,
        "18": 0.005551359902262361,
        "24": 0.014766846241757068,
        "30": 0.03736841472480223
      }
    },
    "0.2": {
      "suffix": "0p2",
      "out": "/data/results/condition_b_scaled_0p2.json",
      "rel_dw": {
        "0": 0.0034968572819864888,
        "6": 0.0012101015629403871,
        "12": 0.013228247910067317,
        "18": 0.030633945103703354,
        "24": 0.07187707109625982,
        "30": 0.1606300675420311
      }
    },
    "0.3": {
      "suffix": "0p3",
      "out": "/data/results/condition_b_scaled_0p3.json",
      "rel_dw": {
        "0": 0.006645385683211559,
        "6": 0.0027125030052762102,
        "12": 0.03557521268139762,
        "18": 0.07523717078695791,
        "24": 0.16583379960772618,
        "30": 0.3604557519542446
      }
    },
    "0.5": {
      "suffix": "0p5",
      "out": "/data/results/condition_b_scaled_0p5.json",
      "rel_dw": {
        "0": 0.019487802390644116,
        "6": 0.007500993711832455,
        "12": 0.103996664234552,
        "18": 0.2131335484970006,
        "24": 0.4546309713595068,
        "30": 0.9627152259043633
      }
    },
    "0.7": {
      "suffix": "0p7",
      "out": "/data/results/condition_b_scaled_0p7.json",
      "rel_dw": {
        "0": 0.03967144137176125,
        "6": 0.014583393768457437,
        "12": 0.1960438460784015,
        "18": 0.41706096546526167,
        "24": 0.8602814956250927,
        "30": 1.769812686684066
      }
    },
    "1.0": {
      "suffix": "1p0",
      "out": "/data/results/condition_b_scaled_1p0.json",
      "rel_dw": {
        "0": 0.08223484404016432,
        "6": 0.02922916066436398,
        "12": 0.3820759446302354,
        "18": 0.8066607174018833,
        "24": 1.6522400612949768,
        "30": 3.1883552859477193
      }
    }
  }
}