{
  "sample_id": "L1-0000",
  "conv_chars": 199,
  "per_layer_relative_dw": {
    "0": 0.08223484404016432,
    "6": 0.02922916066436398,
    "12": 0.3820759446302354,
    "18": 0.8066607174018833,
    "24": 1.6522400612949768,
    "30": 3.1883552859477193
  },
  "mean": 1.0234660023298905,
  "max": 3.1883552859477193
}