{
  "headline": {
    "em_a_context_baseline": 0.9289262514329385,
    "em_b_ttt_memory": 0.0,
    "em_c_no_memory": 0.016431027894535728,
    "memory_efficiency_ratio": 0.0,
    "lift_over_no_memory": -0.016431027894535728,
    "verdict": "NEGATIVE — fast weights do not substitute for context under this setup",
    "em_b_level3": 0.0,
    "em_d_with_distractor": 0.0,
    "distractor_decay_rate": 0.0
  },
  "by_condition": {
    "a": {
      "overall": {
        "n": 2617,
        "em": 0.9289262514329385,
        "f1": 0.15358308206610793
      },
      "by_level": {
        "1": {
          "n": 1096,
          "em": 0.9343065693430657,
          "f1": 0.14996628736013598
        },
        "2": {
          "n": 425,
          "em": 0.9011764705882352,
          "f1": 0.17223723264373053
        },
        "3": {
          "n": 1096,
          "em": 0.9343065693430657,
          "f1": 0.14996628736013598
        }
      },
      "by_category": {
        "person": {
          "n": 735,
          "em": 0.9863945578231292,
          "f1": 0.10581806345121213
        },
        "project": {
          "n": 244,
          "em": 0.9918032786885246,
          "f1": 0.16126081554163738
        },
        "temporal": {
          "n": 453,
          "em": 0.8520971302428256,
          "f1": 0.23040335886443908
        },
        "numeric": {
          "n": 595,
          "em": 1.0,
          "f1": 0.13998561702490048
        },
        "relational": {
          "n": 543,
          "em": 0.992633517495396,
          "f1": 0.1595631692484493
        },
        "spatial": {
          "n": 253,
          "em": 0.8972332015810277,
          "f1": 0.21474906894489496
        },
        "preference": {
          "n": 219,
          "em": 0.45662100456621,
          "f1": 0.13408837886490865
        }
      },
      "by_position": {
        "front": {
          "n": 800,
          "em": 0.9925,
          "f1": 0.14520961214271877
        },
        "middle": {
          "n": 712,
          "em": 0.952247191011236,
          "f1": 0.1562843998884654
        },
        "back": {
          "n": 680,
          "em": 0.8470588235294118,
          "f1": 0.14894694038037576
        }
      }
    },
    "b": {
      "overall": {
        "n": 2617,
        "em": 0.0,
        "f1": 0.006564018230534624
      },
      "by_level": {
        "1": {
          "n": 1096,
          "em": 0.0,
          "f1": 0.0059673591645119555
        },
        "2": {
          "n": 425,
          "em": 0.0,
          "f1": 0.009641375107526818
        },
        "3": {
          "n": 1096,
          "em": 0.0,
          "f1": 0.0059673591645119555
        }
      },
      "by_category": {
        "person": {
          "n": 735,
          "em": 0.0,
          "f1": 0.0021066395734175096
        },
        "project": {
          "n": 244,
          "em": 0.0,
          "f1": 0.003958549979460501
        },
        "temporal": {
          "n": 453,
          "em": 0.0,
          "f1": 0.008422180993715361
        },
        "numeric": {
          "n": 595,
          "em": 0.0,
          "f1": 0.0018953749057555288
        },
        "relational": {
          "n": 543,
          "em": 0.0,
          "f1": 0.0061524933535730955
        },
        "spatial": {
          "n": 253,
          "em": 0.0,
          "f1": 0.02535283730922971
        },
        "preference": {
          "n": 219,
          "em": 0.0,
          "f1": 0.018553817622168376
        }
      },
      "by_position": {
        "front": {
          "n": 800,
          "em": 0.0,
          "f1": 0.007234728438718152
        },
        "middle": {
          "n": 712,
          "em": 0.0,
          "f1": 0.0031624112128921414
        },
        "back": {
          "n": 680,
          "em": 0.0,
          "f1": 0.007413281991259533
        }
      }
    },
    "c": {
      "overall": {
        "n": 2617,
        "em": 0.016431027894535728,
        "f1": 0.03414984183096444
      },
      "by_level": {
        "1": {
          "n": 1096,
          "em": 0.01551094890510949,
          "f1": 0.031306638715598245
        },
        "2": {
          "n": 425,
          "em": 0.021176470588235293,
          "f1": 0.048814080016569575
        },
        "3": {
          "n": 1096,
          "em": 0.01551094890510949,
          "f1": 0.031306638715598245
        }
      },
      "by_category": {
        "person": {
          "n": 735,
          "em": 0.017687074829931974,
          "f1": 0.011881241803054722
        },
        "project": {
          "n": 244,
          "em": 0.00819672131147541,
          "f1": 0.03881858248511973
        },
        "temporal": {
          "n": 453,
          "em": 0.0,
          "f1": 0.0759806859653632
        },
        "numeric": {
          "n": 595,
          "em": 0.03361344537815126,
          "f1": 0.04314897264239237
        },
        "relational": {
          "n": 543,
          "em": 0.03130755064456722,
          "f1": 0.02094914642344265
        },
        "spatial": {
          "n": 253,
          "em": 0.0,
          "f1": 0.05854324411020277
        },
        "preference": {
          "n": 219,
          "em": 0.0,
          "f1": 0.02571669632291089
        }
      },
      "by_position": {
        "front": {
          "n": 800,
          "em": 0.02,
          "f1": 0.026570864716975034
        },
        "middle": {
          "n": 712,
          "em": 0.008426966292134831,
          "f1": 0.03121389123334639
        },
        "back": {
          "n": 680,
          "em": 0.01764705882352941,
          "f1": 0.03697524960715986
        }
      }
    },
    "d": {
      "overall": {
        "n": 1096,
        "em": 0.0,
        "f1": 5.49362622840565e-05
      },
      "by_level": {
        "3": {
          "n": 1096,
          "em": 0.0,
          "f1": 5.49362622840565e-05
        }
      },
      "by_category": {
        "person": {
          "n": 200,
          "em": 0.0,
          "f1": 0.0
        },
        "project": {
          "n": 75,
          "em": 0.0,
          "f1": 0.0004000808244089715
        },
        "temporal": {
          "n": 181,
          "em": 0.0,
          "f1": 0.0
        },
        "numeric": {
          "n": 240,
          "em": 0.0,
          "f1": 0.0
        },
        "relational": {
          "n": 200,
          "em": 0.0,
          "f1": 0.0
        },
        "spatial": {
          "n": 100,
          "em": 0.0,
          "f1": 0.00010204081632653062
        },
        "preference": {
          "n": 100,
          "em": 0.0,
          "f1": 0.00019999999999999998
        }
      },
      "by_position": {
        "front": {
          "n": 400,
          "em": 0.0,
          "f1": 7.501515457668216e-05
        },
        "middle": {
          "n": 356,
          "em": 0.0,
          "f1": 2.8663150653519838e-05
        },
        "back": {
          "n": 340,
          "em": 0.0,
          "f1": 5.8823529411764694e-05
        }
      }
    }
  }
}